gene,abundance
cspB,27185
cspD,26545
rplL,23622
rplU,19173
hag,18102
rpsN,15333
rplD,14481
yweA,12297
rplV,11979
rpsF,11325
rpsP,9646
rplW,9185
hbs,9070
tuf,8788
rpsT,8715
rplF,8346
rplO,8097
ptsH,8090
rpsH,8089
yxkC,8060
rplC,7636
rpsO,7461
rplP,6815
rplE,6752
rplT,6664
gapA,6565
rplX,6294
rpmD,6209
yukE,6167
groS,6102
groL,5893
rplS,5875
rpsK,5620
rpmA,5611
rpsG,5578
rpsD,5476
rpsC,5463
rpsU,5247
rpsE,5199
rpmC,4987
rpmJ,4969
rplA,4838
yrbF,4710
ahpC,4676
rplR,4658
rpsM,4515
ilvC,4465
rplN,4312
mdh,4271
rpsL,4268
rpsS,4259
rpsQ,4216
soj,4191
rplK,4152
ylqB,4133
tsf,4087
tig,4048
rpmI,4028
rplQ,3887
rplJ,3861
rpsB,3715
tsr,3641
rplM,3603
fusA,3560
eno,3411
rpsR,3309
citL,3175
glyA,3145
rpmGA,3031
sodA,2993
icd,2899
tasA,2877
rpsJ,2816
acpA,2726
yugI,2713
pdhC,2710
BSU29750,2663
tpiA,2660
BSU13180,2648
rplB,2638
greA,2628
atpF,2613
dnaK,2526
trxA,2500
prsA,2371
mtnD,2358
tal,2280
sucC,2279
yceD,2233
cysK,2204
bdhA,2190
pgk,2183
infC,2163
pdhB,2154
ypfD,2087
ssbA,2064
yjlC,2043
pel,1989
rpsI,1981
artP,1976
resD,305
yhdP,305
mcpB,301
gltT,301
lutP,301
azr,300
pdxK,300
dhaS,299
hmoB,299
serS,298
opuAA,297
secY,296
htpG,295
ykvS,295
alaS,295
sin,294
htpX,293
artQ,293
abh,293
yfhH,292
yqhS,292
wprA,289
ftsX,288
yxiE,285
treP,285
hisS,282
yrpE,282
nifU,282
pyrAA,282
yitJ,281
yugG,281
cysH,281
ywrO,279
bfmB2,279
ywqI,278
ywlF,278
purN,278
hfq,277
acoC,277
BSU29670,276
mcpC,275
rnjB,275
speE,274
ftsE,274
yqjY,273
argS,272
phoE,269
yfmS,269
crh,268
opuAC,268
ytoQ,268
epr,267
sigA,267
Bsubs1_010100008566,266
clpY,266
metG,266
dhbA,265
nudF,265
yqxJ,265
accA,264
yxbC,263
ypjQ,262
galE,260
flgK,259
tms,259
thiS,258
aroB,257
yhfK,256
fabZ,255
pepT,255
yfkO,254
fliF,254
sdpI,253
ybxB,253
metN,251
sufS,251
ykoF,250
motA,250
valS,250
ltaS1,250
bioK,249
purM,247
yddJ,246
ywqH,245
ytiB,244
qoxD,244
mpr,242
aprA,242
yjqA,241
yjcJ,240
iolW,239
yxbA,238
lytR,237
mntR,235
cheW,234
ywhD,234
pbuG,233
asnB,232
speH,231
hisD,231
feuA,231
yydF,230
metP,228
misCA,227
yvcT,226
glyS,226
rbsB,226
yurT,225
ykzF,224
ysdC,224
ypwA,223
yutB,223
dapG,222
aroK,221
atpB,221
amyR,221
ymfF,219
dctA,219
dppE,219
BSU37010,218
rluB,218
ampS,218
ylqC,218
ymcA,217
ddl,217
engB,217
sdpB,216
ktrC,216
yoaW,216
rocA,215
yurQ,214
rocD,213
yoaB,213
yfkK,212
mreC,212
yfmT,210
gcvT,209
folB,208
hemL,208
ykpA,208
bfmBAA,207
yhdG,207
ylmE,206
opuCA,206
ywfH,205
nadK2,205
yvqK,205
sppA,205
sepF,205
purF,204
sipT,204
yetH,203
pdp,203
argD,202
comN,202
yttA,202
yvlA,200
BSU22320,200
dhbC,198
pyrD,198
rnjA,198
yvzF,197
yrvD,197
ispF,197
rsbT,197
prfB,196
ydjI,196
sdpA,196
ydaG,196
ywfI,196
mgtE,194
yqeG,194
glpX,193
ypgR,193
yfhB,191
qoxC,191
sdhC,190
ywqK,190
ybdN,189
tlpB,189
ykuP,189
queF,189
hslO,188
xkdM,188
minD,188
yktB,187
gyrA,187
yutD,186
panB,185
ytzB,185
ypmQ,185
hemB,184
yukC,184
yusU,184
spo0A,184
dhbE,183
argB,183
ybdO,182
cspR,181
murB,181
cshB,181
mtnU,180
pncA,180
map,179
topA,178
yqgV,178
murD,177
ltaS2,177
yueB,177
dltC,177
glpD,177
thiE,176
prkC,176
gidA,176
rnpA,175
yqgf,175
ispG,174
yomK,173
xseB,172
ctaF,171
yvhJ,171
trmB,171
Bsubs1_010100017341,171
sipS,170
ylxF,169
rimM,169
bfmBAB,169
phoP,169
purK,168
ynzC,168
xkdK,167
mtnE,167
BSU34890,167
nrdE,167
nrnA,167
penP,167
yutE,166
yjaX,166
pncB,165
ycsF,164
gcvPB,164
yerA,164
opuCC,164
maeA,163
yrdA,162
rnc,162
lysA,162
fruA,161
hisZ,161
appC,161
ydjE,161
yueH,161
rasP,160
yerH,159
yydI,159
lexA,158
yclM,158
salA,158
hemAT,158
cdaR,157
Bsubs1_010100009306,157
bfmBC,156
yxeM,156
ypjD,156
cysS,156
nusB,154
rbfA,154
ylmA,153
pepA,153
ffh,152
qcrB,152
yqeK,152
ftsY,152
ydaF,151
yfmJ,151
yozV,151
yutF,151
murAA,150
nucA,150
liaI,150
spoVC,150
rph,149
gyrB,149
rsbRB,149
etfB,149
ykvY,148
ywiB,148
carB,148
ywsB,147
argH,147
yvcI,147
BSU21600,146
obg,146
murE,146
yvrD,146
ydjH,146
yjjA,146
hemH,145
rbgA,144
yonS,144
yuiD,144
pyrB,143
nsrR,143
mapB,143
murC,143
tyrA,143
putC,142
kduI,141
purR,141
thrB,141
fmt,141
tdh,141
csrA,141
ytkA,140
ywcG,140
moaE,140
maf,140
yobK,140
sigW,139
mtnW,139
dapF,139
yobJ,138
ykoD,138
cheV,138
yvbI,138
spoIIQ,137
yhdR,137
xis,137
ohrB,137
ylxM,137
licB,137
oppC,136
skfC,135
yhfI,135
panC,134
pyrK,134
ypmS,134
acoL,134
glpK,133
oxdC,133
srfAD,133
yjcQ,133
ykuU,132
cah,132
comEA,132
ycdI,132
yycF,131
htrA,131
ycsD,130
ctpA,130
yrvJ,130
patA,130
purT,129
yqfL,129
argC,129
yojF,129
gabD,129
ftsA,129
ylzA,128
trpS,127
yjdI,127
yvbH,127
yczJ,126
sufA,126
yqhT,126
mgsA,126
mecA,125
thrZ,125
ywpF,125
speB,124
ybfQ,124
ohrR,124
yugP,124
bioD,123
ykoC,123
yvgL,123
tsaE,123
ilvE,123
kapB,123
lepA,122
ydgI,122
acsA,121
yqiS,121
etfA,121
yoaD,121
glpF,121
hisF,121
yozI,120
nrdF,120
nrdR,120
yvdC,120
ytzI,120
ybeC,119
ybcI,119
ypmA,119
gcvPA,119
ccdB,119
msrA,119
est,118
yqaE,118
bioYB,118
tcdA,118
argR,118
ysmA,118
ywdI,117
sirB,117
coaE,117
yhdL,117
yvaP,116
yrdC,116
cheN,116
celF,115
yhbJ,115
yvyC,115
yjcH,115
yfiT,115
ydjO,115
yfiP,115
yfmG,115
yxjI,114
yaaR,114
ypmB,114
jag,114
miaB,113
ylyB,113
plsY,113
ysmB,113
yueD,112
ymfH,112
ribT,112
spo0J,112
ansB,112
purU,112
fliW,111
perR,111
opuCD,111
ywtE,111
yoaF,111
nadR,111
fadE,110
yxbD,110
ylmB,110
kbl,110
motB,110
nagP,110
ydeO,109
yqkF,109
ybeY,109
dltA,109
yfjR,109
ywjG,108
yslB,108
bsaA,108
yhzC,108
yhcB,107
ymdB,107
yrzA,107
Bsubs1_010100007321,107
plsX,107
glnH,107
liaH,106
ydeJ,106
yxeH,106
yacD,106
ysnB,106
ecsA,105
lon1,105
pnbA,105
ywkB,105
rbsD,105
der,105
ytrF,105
yqjZ,105
cheR,105
Bsubs1_010100019311,104
ydbS,104
yrrN,104
yodJ,104
yqgX,104
ywnA,104
yukJ,104
lytB,104
ymaD,103
ydiR,103
murF,103
nupG,103
era,103
suhB,103
degS,103
smpB,103
tag3,102
yaaA,102
oppB,102
yydJ,102
gpsA,102
relA,102
ypbE,102
naiP,102
bioY,101
BSU31250,101
sucD,1968
metQ,1902
frr,1893
glnA,1850
pdxS,1838
gsiB,1807
pdhA,1794
clpP,1751
rpoA,1720
rpmF,1710
purS,1693
xynA,1637
rplI,1602
BSU21540,1601
yvzB,1592
odhB,1566
yjcG,1542
rpmE,1534
cysC,1519
dps,1518
tkt,1513
yqeY,1511
efp,1476
sufC,1465
yncM,1427
serA,1413
ptsG,1404
accB,1386
ppaC,1375
lrgA,1357
hom,1341
abrB,1332
spoVG,1326
pyk,1324
ywhB,1322
atpD,1314
dapH,1297
tpx,1295
yvyD,1292
thiA,1281
BSU16750,1278
nadE,1255
yxjG,1245
ycdA,1229
guaB,1227
atpA,1214
ykzG,1204
ilvH,1201
purH,1196
thiG,1181
mtnX,101
guaC,100
yqfO,100
yrzL,100
yoaJ,99.9
yodB,99.8
yukD,99.5
gsaB,99.3
proA,99.2
nrgB,99.2
fliY,98.9
yfkM,98.1
pbpB,97.5
bacD,97.2
rocG,97
appF,97
yvcA,96.8
ctaD,96.8
yaaL,96
yckB,95.9
bioW,95.7
ycgA,95.5
alsD,95.4
xynC,95.3
dapB,95.3
rpmG2,95.2
gntZ,95.1
yflS,94.7
yhcN,94.6
yneK,94.5
tatAc,94.4
yhfE,94
yqkJ,93
sspA,92.4
sspC,91.7
ycxR,91.5
carA,91.5
Bsubs1_010100002333,91.5
malR,91.4
ypoP,91.2
sspB,91.2
yutJ,90.7
hemC,90.2
tmk,90.2
padR,89.8
yitM,89.6
ypdA,89.5
yqbM,89.3
yhaM,89.3
yulF,89.1
ylbN,89.1
xre,88.7
yvcJ,88.6
ydeS,88.3
ywlG,88.3
flhP,87.9
ctaE,87.9
yhaA,87.9
thiF,87.8
lytF,87.8
sdaAA,87.7
clpQ,87.6
yneP,87.5
lplJ,86.9
ypuA,86.7
veg,86
ligA,86
yjbC,85.9
frlD,85.8
rodD,85.5
nadB,85.4
cotE,85.3
ywnH,85.1
minC,85
yhjA,85
pgpH,84.8
yvsH,84.7
mhqR,84.7
msrB,84.7
ysdB,84.7
ymaB,84.5
comA,84.5
xkdG,84.5
csoR,84.1
bpr,83.6
moaB,83.6
yuaI,83.2
yqbC,83.1
lytE,83.1
ytjP,83
yrkL,82.7
yoaC,82.5
yesJ,82.5
tgt,82.3
yuiF,82.3
sipW,82.2
yitI,82.2
fadB,82.2
ggaB,82.1
yrhF,81.8
yncF,81.6
ydhK,81.5
polA,81
upk,81
namA,80.6
yydD,80.5
clpE,80.3
ydhF,80.2
opuBD,80
alsS,79.9
yknZ,79.9
phoH,79.9
ykrK,79.8
sspE,79.3
bmrA,78.8
ykrA,78.6
yjcF,78.5
fra,78.4
ytqB,78.2
fruK,78.2
pit,78.1
dnaA,78.1
ygaC,77.9
rapF,77.9
rnr,77.8
paiA,77.7
rsmH,77.6
yhaP,77.6
dltD,77.5
gamA,77.5
ybfJ,77.3
yabA,77.2
ytkD,76.8
glyQ,76.7
comZ,76.7
ywqD,76.6
comEB,76.5
yvrC,76.5
ywjA,76.4
ymfN,76.2
ispH,76.2
ribE,76
treA,75.9
ypbS,75.7
rapK,75.7
yhgE,75.7
prpC,75.7
phoR,75.6
rsmG,75.6
pbuX,75.5
nprE,75
ycgT,74.9
ctaC,74.8
ylaI,74.8
yfmR,74.7
ywhA,74.1
bglS,73.7
cinA,73.7
Bsubs1_010100012711,73.5
yugH,73.4
topB,73.4
thiT,73.2
yezE,73.2
lipM,73.1
ndoA,73
yvrN,72.9
opuBA,72.3
bioI,72.1
cdd,72
yfhK,71.7
yaaT,71.6
bacB,71.4
ytwF,71.4
yjcM,71.2
degV,71
yvmB,71
yqiG,70.9
yvdT,70.9
murZ,70.8
yqeH,70.6
yloV,70.2
ytrE,70.1
sigH,69.9
ppaX,69.8
yopQ,69.8
hemE,69.7
yocH,69.6
ribBA,69.5
yybR,69.5
cysE,69.5
yisK,69.5
arsC,69.5
ccpN,69.4
yddK,69.2
rtp,68.9
yoaE,68.8
opuCB,68.6
spoIIAB,68.5
nfo,68.5
yuxK,68.2
qcrC,68.1
yqeZ,68.1
yhfF,68
fapR,67.6
sdaAB,67
yjcP,67
Bsubs1_010100011101,66.9
dhbF,66.9
yozE,66.8
ydbJ,66.8
nadD,66.6
rbsA,66.5
flgC,66.5
yabN,66.4
lgt,66.1
glvA,65.9
flhA,65.9
ywjB,65.6
phoB,65.6
ispE,65.5
bsn,65.4
yybM,65.4
yydC,65.4
yjbM,65.3
ydjN,65.3
rlmH,65.3
uvrA,65.3
ylyC,65.2
yocK,64.9
yitL,64.8
rsiW,64.8
hprK,64.8
ytcI,64.7
divIB,64.7
oppD,64.4
rpe,64.3
queA,64.2
secE,64.2
slrR,64.1
yfiR,63.9
ylzI,63.9
yxiF,63.8
spoIVA,63.8
gamP,63.7
buk,63.7
Bsubs1_010100001088,63.6
fadR,63.3
yciB,63.3
yusV,63
yydB,62.9
udk,62.7
Bsubs1_010100008556,62.7
dck,62.7
ypiB,62.4
yvyE,62.4
ykhA,62.4
yybN,62.3
ykwD,61.8
gbsR,61.8
bdbA,61.7
noc,61.5
nagA,61.4
cssR,61.2
yhaI,61.1
yjbN,61.1
ytpQ,60.7
ywnB,60.6
yitS,60.6
racX,60.6
ytoP,60.6
yacO,60.5
pabA,60.4
tagH,60.4
yrrB,60.2
ydbD,59.9
ansA,59.7
patB,59.4
yosP,59.3
ytxK,59.2
rbsC,59
pcrA,58.9
ypuD,58.8
yfhM,58.8
amhX,58.6
acyP,58.5
murG,58.3
mtlF,58
csn,57.8
ylmG,57.6
rapB,57.5
mleN,57.5
rsbRC,57.4
yuaF,57.3
yocS,57.3
appD,57.2
lytD,57
yclP,57
ydgF,56.9
yqfB,56.8
BSU21570,56.7
yteJ,56.6
yneN,56.6
ureC,56.5
ylmD,56.4
yhdN,56.4
ybfF,56.4
spoIIID,56.2
ydbM,56.1
yvyF,55.7
ylbO,55.3
yokE,55.3
ydiS,55.3
yoaA,55.2
queC,55.1
ymxC,55.1
sigX,55.1
levE,54.9
yybA,54.7
ybgG,54.5
ywlE,54.4
rnhA,54.4
ksgA,54.1
ydfG,54.1
yopH,53.8
cdaA,53.6
dxr,53.5
ywnG,53.5
ruvA,53.4
rsbX,53.4
rghR,53.2
yufO,53.2
pbpD,53.1
cadA,53
yhfT,52.9
recM,52.9
sigB,52.7
yheG,52.5
rsmE,52.5
spxA,52.3
yraI,51.8
ywzH,51.6
dagK,51.3
yhcW,51.2
bshC,51.2
skfA,50.9
dinB,50.9
yvlD,50.9
yunF,50.7
yphF,50.7
yhaQ,50.6
folK,50.6
yshB,50.4
phoD,50.2
thiO,50.2
mdxE,50.1
misCB,50.1
kipI,50.1
thiM,50.1
zosA,50
metA,50
pbpH,49.9
yxzC,49.9
ylxP,49.8
yrrL,49.7
yfjA,49.5
htrB,49.3
ykuN,49.2
yhfO,49.1
polX,49
ypsC,48.9
iscS1,48.8
ykuR,48.7
yhcI,48.5
yceF,48.3
yshD,48.2
prmA,48.2
yflK,48.2
yrrO,48.1
ywpJ,48.1
yqiD,48.1
rsbS,48.1
yfmM,47.9
yshE,47.8
putP,47.7
fliG,47.6
yocD,47.6
efeU,47.5
yjdB,47.3
mntA,47.3
yxeK,47.2
tenI,47.2
skfG,47.1
yuxO,47
yxiG,46.9
yhcH,46.6
dppA,46.6
ycnL,46.6
gerQ,46.4
yjcK,46.4
prkA,46.3
ydbB,46.2
yhxA,46.2
ureA,46.1
trmK,46.1
defA,46.1
yugK,46.1
yxaP,46
proB,45.8
katE,45.7
msmX,45.7
murI,45.7
ydhI,45.7
thyA2,45.6
yhbE,45.5
iolB,45.4
ygxA,45.4
maa,45.3
yuzB,45.3
yoeB,45.2
ybdZ,45.2
bglA,45.2
yrkD,45.1
tcyB,45
yisL,44.9
tsaB,44.8
scpB,44.7
yvaF,44.7
fadH,44.6
nrdI,44.5
yycG,44.4
yfhJ,44.3
ylbG,44.3
yqkK,44.3
yszB,44.2
ywqC,44
mtaB,44
yabD,44
yxaM,44
mfd,43.8
yvrH,43.8
bacC,43.6
glcK,43.4
yisT,43.4
iolC,43.3
yfkI,43.2
licA,43.1
ytbQ,43
pcp,42.8
ytkP,42.6
yjzH,42.6
ung,42.5
yycH,42.5
BSU25660,42.2
galM,42.2
ribC,42.1
ywqJ,42.1
parE,42
rho,42
oppF,42
ywkD,41.9
csaA,41.7
yfjC,41.7
Bsubs1_010100002243,41.7
smc,41.7
cggR,41.6
Bsubs1_010100005266,41.5
dal,41.5
yloA,41.5
gltC,41.4
yjcS,41.2
albA,41.1
galK,41
yncB,40.7
yqxC,40.7
rlmN,40.7
bglH,40.5
ygzB,40.5
ydcC,40.5
ywzC,40.5
flhO,40.3
ywhC,40.3
mcsB,40.3
ureB,40.3
xepA,40.1
pksS,39.7
padC,39.6
mcsA,39.6
alsT,39.6
yaaN,39.5
yjbI,39.5
nfrA2,39.3
iolR,39.3
ydcI,39.3
gabP,39.3
ydeM,39.2
uvr,39.2
ndoAI,39.2
fadN,39.1
rapJ,39.1
yueC,39.1
rpmB,1175
ycdH,1171
gndA,1163
oppA,1162
sufD,1151
rpmH,1148
yceE,1139
cheY,1138
flgG,1128
leuB,1125
sdpC,1122
ykoE,1121
thrC,1118
adk,1116
folD,1103
qoxA,1099
ftsH,1099
pta,1091
yhaH,1085
sdhA,1074
purA,1073
yqfA,1064
nin,1063
yabJ,1062
ytxH,1051
yknW,1040
ptsI,1040
gapB,1019
xpt,1017
aspB,1017
yneF,1017
gcvH,1014
fabG,996
citB,992
ctc,989
fer,985
yjlD,978
grpE,967
pgi,967
divIVA,965
ald,961
yfhC,960
ytsJ,960
cspC,954
yhzA,945
infA,931
yaaK,910
ftsZ,894
purB,892
ppiB,889
ybdP,39.1
bhlA,38.9
yhfP,38.9
ydgH,38.8
glpP,38.8
yscB,38.7
yflO,38.7
proI,38.7
ywbO,38.7
gld,38.5
parC,38.5
fbp,38.5
pksC,38.4
yccF,38.4
gspA,38.3
rsgA,38.3
yojN,38.3
ykzS,38.2
ybdS,38.2
dxs,38
ytrA,38
mraZ,38
yxzF,37.7
tcyP,37.6
yhcX,37.5
yqaR,37.5
yjbK,37.5
ytoA,37.3
divIC,37.2
yvcN,37.1
manP,37.1
mccB,37.1
sunT,37.1
yfmF,36.9
yraH,36.9
yuzF,36.9
nupC,36.9
hutP,36.8
yczG,36.7
yvrO,36.7
ydeP,36.7
yfmD,36.7
rapA,36.7
csbD,36.7
ywgB,36.7
ybcF,36.6
yloC,36.5
mnmA,36.3
tsaD,36.3
ywqG,36.2
iolD,36.2
licT,36.1
yxlC,36.1
mhqA,36.1
ylxG,36
ygaO,36
recN,36
yopJ,35.9
ypsA,35.9
uppS,35.9
fliS,35.8
iolA,35.7
yxaF,35.7
glnQ,35.6
pheA,35.6
albC,35.6
iolG,35.6
BSU21610,35.6
yjfA,35.6
ypbR,35.5
ywrF,35.4
dfrA,35.2
ymxG,35.1
tatAy,35
ykyB,35
zur,35
spoIIAA,34.8
glnR,34.8
ywdF,34.7
ywtF,34.7
yfnC,34.6
coaD,34.5
yeaC,34.4
dgkA,34.4
yheH,34.4
yjdA,34.4
mnmE,34.2
resE,34.1
fliE,33.8
yxeO,33.7
yhgD,33.7
ykuM,33.6
rapC,33.6
yacL,33.5
efeN,33.4
yqfT,33.3
ypuI,33.3
ykyA,33.2
dus2,33.2
tagG,33.2
ydcK,33.2
yqcK,33.1
yebC,33
yneQ,33
kduD,32.9
yfnA,32.9
yuzA,32.9
dnaI,32.9
thyA1,32.9
acuB,32.8
yfiV,32.8
cwlS,32.7
rsmB,32.7
yxnB,32.6
ymfC,32.6
yrkA,32.6
BSU25000,32.6
pelC,32.5
yfjF,32.5
ylbC,32.5
yqcG,32.4
ymzA,32.4
ccdC,32.3
menG,32.2
resC,32.1
dnaX,32
ydhE,32
yusO,31.9
spoIIIAH,31.8
yvyI,31.6
ogt,31.6
yorH,31.6
ypiA,31.5
copA,31.5
hemY,31.5
BSU23080,31.4
ydhC,31.4
yrrM,31.4
sacP,31.3
pcrB,31.3
lrpC,31.2
yitA,31.2
rnz,31.1
sul,31.1
yyaK,31
ydiF,31
immR,31
yycI,30.9
yvaG,30.9
yrpB,30.8
pucE,30.8
arsR,30.8
yrbE,30.5
yoxC,30.5
sumT,30.5
queE,30.4
ktrA,30.3
sbcC,30.3
yaaB,30.1
yvcP,30.1
aadK,30.1
yugU,30
ylbF,30
mrnC,30
yheI,29.9
yhzB,29.9
spoIISB,29.8
acpS,29.8
ykpB,29.8
fliK,29.8
ywbD,29.8
gdpP,29.7
coaBC,29.6
pfyP,29.6
dpaB,29.6
ypeQ,29.6
yyaQ,29.6
resB,29.5
putB,29.5
mutL,29.4
ypbH,29.4
tdk,29.4
mutI,29.4
yqeM,29.4
tuaF,29.3
yfmK,29.2
murQ,29.1
lipL,29
ywjC,29
sspI,28.8
ylbL,28.7
yhcS,28.7
yopT,28.7
ydiO,28.7
yczF,28.6
yqxM,28.5
yrhO,28.4
comK,28.4
yydG,28.4
truB,28.2
yobI,28.2
sirC,28.2
azlB,28.2
gntP,28.2
levD,28.2
rapG,28.1
yurJ,28.1
yhfS,28.1
xpaC,27.9
manA,27.8
hutU,27.8
ytcJ,27.8
yvzA,27.7
moaC,27.7
recX,27.6
pbpE,27.6
yaaG,27.6
ydjP,27.5
ypmR,27.5
yopR,27.5
ribD,27.4
yoeA,27.4
xseA,27.4
sspP,27.3
ykoM,27.3
yxeP,27.3
cgeA,27.2
fliT,27.2
ywoC,27.2
yfkN,27.1
desR,27
narJ,27
yerS,27
BSU21590,26.9
dppC,26.9
queD,26.7
abnA,26.6
comY,26.6
cypD,26.6
yfjD,26.5
yqfU,26.4
melA,26.3
yknY,26.3
ydfI,26.2
gbsB,26
yhcF,26
ykfD,26
yebE,26
bioF,25.9
yurK,25.9
cydA,25.8
pbpX,25.7
galT,25.7
yqgN,25.7
yxeF,25.7
ecsB,25.6
ydeQ,25.4
yurM,25.4
yhxD,25.3
BSU21630,25.3
yycR,25.3
ydeI,25.2
yufK,25.2
moeA,25.1
ysnF,25.1
nifS,25.1
ycxB,25.1
yodI,25
ykuI,25
iolE,24.9
ybbF,24.9
yqhP,24.9
cycB,24.9
ctaA,24.8
cotY,24.6
nap,24.5
yqgB,24.5
yitU,24.5
comFB,24.5
ycsN,24.5
rocE,24.4
recJ,24.2
rsmI,24.1
ypzJ,24.1
ycsA,24.1
yuaD,24
yhcR,24
yrkE,23.9
asnH,23.9
lrpA,23.9
yybB,23.9
ykqA,23.9
yhfB,23.8
trmD,23.8
yfmQ,23.8
gmuG,23.8
sipU,23.7
yhdF,23.7
birA,23.7
sigF,23.6
yfmI,23.6
glvR,23.6
ylxK,23.6
yvaQ,23.5
yhdX,23.5
yopM,23.5
yveL,23.5
dppB,23.4
opuD,23.3
miaA,23.3
yopS,23.2
yfhE,23.2
glpQ,23.1
yncE,23.1
yfhD,23
ydiJ,23
speA,23
fliM,22.9
yesE,22.9
tlpC,22.9
katX,22.9
yoqL,22.9
ypjP,22.8
yqgK,22.8
minJ,22.8
yhdW,22.8
yqaD,22.7
yxeL,22.7
pabB,22.7
gmuR,22.7
ypjA,22.6
yueF,22.6
narH,22.6
kinD,22.6
yobD,22.5
mnaA,22.5
ymaE,22.5
besA,22.5
rnhC,22.4
yfmL,22.3
yhjQ,22.3
pdaC,22.3
yfkJ,22.3
yqgS,22.3
ylxW,22.3
skfB,22.2
dnaD,22.2
cotB,22.2
yheB,22.2
ipi,22.1
pbuO,22.1
whiA,22.1
czrA,22.1
yqjQ,22
hepA,22
comFC,22
mntH,21.9
swrB,21.9
yclJ,21.9
yfmE,21.8
tcyC,21.8
yfjO,21.6
ydaD,21.6
yopX,21.6
nth,21.6
nos,21.5
yonU,21.5
phoA,21.5
yurR,21.4
yopI,21.4
yjoB,21.4
spoIIB,21.3
ythP,21.3
tnrA,21.3
rnmV,21.3
mhqD,21.2
gerM,21.2
ydjG,21.1
kipR,21
dinG,21
ytcD,21
yjcR,21
yxlJ,21
ydzF,20.9
yngC,20.9
yddM,20.9
yueE,20.9
glcD,20.9
gmuB,20.8
ytnA,20.7
cotC,20.7
albG,20.6
yrhD,20.4
yobM,20.4
yoqU,20.4
yqiK,20.3
pps,20.2
yurN,20.2
ydeE,20.2
yrzI,20.2
yugE,20.1
fhuC,20
ygaD,20
cobB,20
yobO,20
yufP,19.9
coaX,19.9
yoaQ,19.9
trpB,19.9
yusP,19.9
yvqJ,19.9
ftsW,19.9
hisK,19.8
yvcB,19.8
yqaM,19.8
yxkD,19.8
hmp,19.7
yobT,19.7
yorY,19.7
ctsR,19.7
yhjB,19.6
cheL,19.6
liaF,19.6
ycnJ,19.6
sunS,19.6
ykuV,19.5
degR,19.4
yqiR,19.4
epsM,19.4
fliH,19.3
rsbU,19.3
bglP,19.2
rsoA,19.2
narG,19.2
ftsL,19.2
yraD,19.2
mgfK,19.2
yjzI,19.2
yqgQ,19.2
yceG,19.1
ybcH,19.1
fdhD,19.1
tagA,19.1
mutS,19
ytlQ,18.9
ydaT,18.9
yorB,18.7
nagB,18.7
fadA,18.7
ydgG,18.7
yddA,18.6
ykcC,18.6
iolI,18.5
Bsubs1_010100014076,18.4
expZ,18.4
kdgA,18.4
gntK,18.4
yccK,18.3
yokL,18.3
yutG,18.3
ykuL,18.3
ypfA,18.3
ydiL,18.3
yfmP,18.3
yfjM,18.3
sapB,18.2
mutM,18.2
yusF,18.2
sspG,18.1
yqgJ,18.1
yoyC,18.1
ycnK,18.1
epsI,18.1
yxiC,18
epsH,17.9
yhcQ,17.8
yppG,17.8
ytqA,17.8
acuA,17.7
xkdV,17.7
ykoL,17.7
ytvB,17.6
yopK,17.6
yycC,17.6
addA,17.6
yxiB,17.5
comGA,17.5
ntdA,17.4
lctP,17.4
glcF,17.4
yoqT,17.4
yrbC,17.4
ycbG,17.3
rex,17.3
cca,17.2
dsdA,17.2
yhgB,17.1
xynD,17
mtlA,17
sigE,17
metK,861
yrpD,850
yheA,847
yabR,846
fumC,845
yclQ,841
yutI,841
yqzC,827
yodC,823
rpmE2,817
yabO,809
bdbD,801
hisB,800
fabI,797
ykwC,794
sat,791
yfiY,790
rfm,787
tenA,786
dapA,772
luxS,771
yrrS,769
yumC,769
yjoA,764
purL,762
katA,760
yqeI,759
mtnK,758
gpsB,755
infB,752
sdhB,748
sunI,745
purD,727
pyc,725
yfmC,722
aroF,716
opuAB,715
clpC,714
upp,714
hprT,712
prs,704
serC,702
yqhL,701
purC,700
yraA,700
std,696
leuA,694
pgl,691
yrzB,687
citZ,685
folC,17
yhcC,17
ugtP,17
spoVID,16.9
yxeN,16.8
comP,16.8
rsiX,16.8
ydgJ,16.8
addB,16.8
yqkE,16.7
yuzD,16.7
ybaJ,16.7
ispD,16.7
yufL,16.7
ydeN,16.7
yocC,16.7
ytkK,16.7
czcR,16.6
yvmA,16.6
yqhQ,16.6
ybgF,16.5
ylmC,16.5
cstA,16.4
glcT,16.4
spoIVB,16.3
degQ,16.3
glvC,16.2
adhB,16.2
proG,16.1
ylbH,16.1
yorS,16.1
yitV,16.1
zapA,16.1
yhaL,16.1
yjcL,16
yqfW,15.9
dinB1,15.9
yjgD,15.9
isp,15.9
ynbB,15.9
yvyG,15.8
yvrE,15.8
sda,15.8
ycgL,15.8
ycbJ,15.7
lspA,15.7
cotM,15.7
sms,15.7
sspL,15.7
yisB,15.7
yomW,15.7
menA,15.7
yosR,15.6
yqjN,15.5
ybfO,15.5
yorE,15.5
yycN,15.5
yisI,15.5
yjbQ,15.5
ytfJ,15.4
yobR,15.4
yvfU,15.4
ytzA,15.4
yppE,15.3
yokA,15.3
yeeB,15.3
stoA,15.3
gerE,15.3
yqfQ,15.2
yozB,15.2
spsA,15.2
yceK,15.2
dppD,15.2
yxlD,15.2
yojO,15.2
opcR,15.2
ybaE,15.1
yphE,15.1
yoqW,15.1
skfE,15.1
ypjG,15
licC,15
ywfO,15
recU,14.9
yoqP,14.9
yrhJ,14.9
nasE,14.8
moaA,14.8
rnhB,14.8
mrpG,14.8
ytnI,14.8
ywgA,14.8
yqkC,14.8
yabB,14.8
xkdF,14.8
ycnB,14.8
yjhB,14.8
cse15,14.7
recG,14.7
ypcP,14.7
pssA,14.7
iolH,14.6
yheE,14.6
BSU21530,14.6
comFA,14.6
yotG,14.5
sspF,14.5
xylA,14.5
yqjU,14.5
nasD,14.5
yckC,14.4
Bsubs1_010100009416,14.4
alkA,14.4
ypoC,14.4
yqxI,14.4
yhcY,14.4
yxiT,14.4
yazB,14.4
yloB,14.3
yppF,14.3
mobA,14.3
ycbR,14.2
int,14.2
yfnF,14.2
spo0B,14.2
yrkI,14.2
ydaE,14.2
ytfP,14.1
tagC,14.1
bshA,14.1
BSU17080,14
yjbJ,14
ypvA,13.9
ynzF,13.9
gerBC,13.9
uvrX,13.9
yojM,13.9
yjdG,13.8
kipA,13.8
yybC,13.8
yxaD,13.8
smf,13.8
adaA,13.8
ynzH,13.8
csbC,13.8
ytrI,13.8
bsdC,13.7
rapI,13.7
ykvN,13.7
yocR,13.6
comED,13.5
yxiI,13.5
yndK,13.5
yxiN,13.5
yqgY,13.5
gmuC,13.5
ytmP,13.5
yopU,13.4
yugM,13.4
ydaP,13.4
yhbF,13.3
yfiS,13.3
yqaQ,13.3
yfnB,13.3
ybbK,13.3
ymzD,13.2
malS,13.2
ydbI,13.2
yqhR,13.2
gerD,13.2
ywqF,13.2
ykuT,13.2
yraJ,13.1
ylaJ,13.1
gmuD,13.1
mrpA,13.1
yqgH,13.1
ytoI,13.1
cwlJ,13
yqgI,13
yqcI,13
ynaD,13
sigV,13
yomD,13
yvcQ,12.9
ydhB,12.9
prpB,12.9
sacT,12.9
ybdK,12.9
hxlA,12.8
ssb,12.8
Bsubs1_010100010966,12.8
spoIIIE,12.8
cssS,12.8
hepB,12.8
dnaB,12.8
yhbD,12.8
thiN,12.8
gmuA,12.8
rsbRD,12.8
yclK,12.7
kinE,12.7
fadF,12.7
yerO,12.7
yhbH,12.7
exuR,12.7
xerD,12.6
sacY,12.6
yojK,12.6
gbsA,12.6
dltE,12.6
ydzA,12.6
ydbT,12.6
psd,12.6
yuxN,12.6
sunA,12.6
prmC,12.6
yotI,12.6
yybG,12.6
ykuK,12.6
clsA,12.5
ycsI,12.5
pksF,12.5
yabE,12.5
yvaV,12.5
yyaP,12.4
yonI,12.4
xkdN,12.4
acpK,12.4
yfjT,12.4
opuBC,12.4
ypgQ,12.3
yuiH,12.3
thiI,12.3
ydbA,12.3
pbpF,12.3
spoVM,12.3
yngJ,12.3
deoR,12.3
pksE,12.2
ntdR,12.2
rimI,12.2
ycdF,12.2
bacE,12.2
yqaT,12.2
nhaK,12.2
ytnP,12.2
pksG,12.2
yvbT,12.2
mreD,12.2
yuiA,12.1
ypuB,12.1
ypeP,12.1
levG,12.1
spoIIE,12.1
mta,12.1
yocA,12.1
yyaN,12.1
ytcC,12.1
yngI,12
spoVT,12
nhaX,12
ywrC,12
yitH,12
menF,11.9
hemZ,11.9
xkdB,11.9
yonG,11.9
ybxF,11.9
yddE,11.9
yfiK,11.9
yabT,11.9
yhcG,11.8
gin,11.8
pucF,11.8
BSU21650,11.8
fin,11.8
mntD,11.7
natA,11.7
yceA,11.7
hflX,11.7
spoVIF,11.7
helD,11.7
ydgE,11.7
truA,11.6
tatAd,11.6
yjgC,11.6
sacA,11.6
cisA,11.6
ywcB,11.6
ypiF,11.6
yodS,11.6
sleB,11.6
ysxB,11.5
cotO,11.5
ycxA,11.5
ydfF,11.4
yqxH,11.4
yorP,11.4
spoIIR,11.4
yxjB,11.4
yflH,11.3
yesM,11.3
yddB,11.3
yutK,11.3
ywpE,11.3
slrA,11.3
ppsC,11.3
yunG,11.3
yraE,11.3
med,11.3
yodR,11.3
aseR,11.3
natK,11.2
prpD,11.2
levB,11.2
yxiD,11.1
alsR,11.1
iolX,11.1
yplQ,11.1
ywtC,11.1
ythQ,11.1
yufS,11
kamA,11
fliJ,11
ydbN,11
yuxL,11
yitP,11
cotS,11
yvdE,11
hemN,11
dus1,11
cypC,11
yjdF,10.9
yqeN,10.9
prcR,10.9
ymaG,10.9
mntB,10.9
iolJ,10.9
ypbB,10.9
yqbB,10.8
yxlA,10.8
ydaC,10.8
yrkN,10.8
yyaT,10.8
yosS,10.8
ypzE,10.8
yokK,10.8
yddQ,10.8
yonH,10.8
kinB,10.8
yddF,10.8
dtd,10.8
yojD,10.8
ywoH,10.7
yisZ,10.7
yomP,10.7
ymaF,10.7
yyaR,10.7
ydgC,10.7
ygaN,10.6
Bsubs1_010100009731,10.6
bceA,10.6
holB,10.6
yitE,10.6
ydgD,10.6
uvrC,10.6
yitZ,10.6
sigL,10.6
yetA,10.6
tuaD,10.6
yunD,10.6
rsbQ,10.5
yxeC,10.5
yueI,10.5
ygaE,10.4
yosE,10.4
yoqE,10.4
yrhC,10.4
ydjM,10.4
fliZ,10.4
yfjQ,10.4
ypuF,10.4
xkdO,10.4
yxxB,10.4
yebG,10.4
xpf,10.3
yflI,10.3
ydcQ,10.3
licR,10.3
ylaD,10.3
yuzE,10.2
yhdJ,10.2
xylR,10.2
ebrA,10.2
yteU,10.2
ybyB,10.1
yxlF,10.1
yunC,10.1
yvoA,10.1
spoIIIAA,10.1
spoVR,10.1
pucD,10.1
ytrP,10.1
cwlH,10.1
opuE,10
ymxH,10
yerI,10
ggt,9.98
yurZ,9.97
ybfN,9.96
yhcO,9.95
ppsE,9.95
yisU,9.93
ybeF,9.91
glsA2,9.9
yppD,9.88
yclE,9.86
yoqD,9.84
comX,9.81
yoaH,9.81
yopF,9.78
catD,9.73
yerB,9.73
Bsubs1_010100012866,9.73
acdA,9.73
yqkA,9.72
ykfB,9.71
yobL,9.71
yvrL,9.68
cotW,9.66
yfjP,9.65
cueR,9.63
trpE,9.62
recF,9.61
ywdJ,9.6
mmgD,9.58
yosN,9.57
yozP,9.57
yddC,9.55
exoA,9.53
thiL,9.53
alr2,9.52
yxiO,9.5
yonO,9.48
spoVAC,9.47
yubA,9.47
ykkA,9.46
yyaE,9.46
yurS,9.45
ppsA,9.45
yrkF,9.4
yumB,9.39
ywlC,9.39
aprX,9.36
araR,9.36
hutI,9.36
yxeE,9.35
ywaC,9.32
yonV,9.31
citN,9.28
spoVAEA,9.28
yisX,9.24
yopV,9.23
priA,9.22
glcR,9.21
rtpA,9.19
yvrG,9.19
glgP,9.19
cysL,9.18
yqbI,9.18
yxaB,9.17
yheN,9.15
yqjX,9.14
mraY,9.13
pksL,9.12
skfH,9.11
yndH,9.11
kdgK,9.11
yqxD,9.1
yomJ,9.1
yetL,9.08
bltR,9.08
moaD,9.07
bdbC,9.04
citT,9.02
pucR,9
ctaB1,8.99
ybfG,8.99
czcO,8.98
epsN,8.97
yezA,8.97
acoR,8.97
yvoF,8.97
araN,8.95
ywfG,8.95
yvgK,8.94
ypfB,8.94
des,8.93
yfhL,8.92
yphP,679
srfA2,679
cysJ,678
yaaQ,676
codY,674
gtaB,674
pyrE,668
pnpA,668
gltB,668
ndk,664
nusG,657
cwlO,655
yceC,636
mtnA,634
yitK,631
gpmI,629
fhuD,625
yqaP,624
ribH,623
glmM,623
yvgN,622
yufN,613
rpoE,612
estA,612
lutC,611
atpC,610
frlB,608
sufB,605
ykuJ,602
yneT,600
pfkA,594
copZ,592
panD,587
BSU06420,586
qoxB,585
gltA,580
argG,576
aroH,572
mbl,569
rsbV,569
thiD,566
clpX,566
ycnI,565
yorD,564
nadC,564
yqiW,560
dacA,560
yvgO,557
punA,556
rimP,554
epsE,8.91
braB,8.9
gmuF,8.9
yprA,8.88
ytlP,8.87
cotJA,8.87
yraL,8.87
ycsG,8.86
yqaS,8.84
opuBB,8.83
yosF,8.83
yngE,8.83
ygaB,8.83
yhjG,8.82
bscR,8.8
yxkI,8.8
sipV,8.79
yddG,8.79
ccpB,8.77
epsF,8.77
sspO,8.76
ybbA,8.76
nfi,8.75
ydbC,8.75
yxjL,8.72
mmgA,8.72
hrcA,8.71
BSU21580,8.71
panE,8.69
ykzI,8.69
bmr,8.69
ydaO,8.68
fnr,8.68
ywcI,8.68
ytlA,8.68
yxeR,8.66
yycP,8.65
xerC,8.64
ynaC,8.64
yycJ,8.63
ykvT,8.63
yjiC,8.63
yxiS,8.62
ynfE,8.61
yxaJ,8.59
yopC,8.59
ybgA,8.58
ydgK,8.58
pksR,8.58
ycbU,8.58
yplP,8.57
Bsubs1_010100008971,8.57
tadA,8.56
yndD,8.56
ydcG,8.56
malL,8.54
yetM,8.54
levR,8.53
yhaO,8.5
yitF,8.48
nnrD,8.47
yesU,8.47
ytxB,8.47
yqxA,8.46
yqaG,8.45
ypbF,8.45
yecA,8.45
ylxJ,8.44
degA,8.44
yomY,8.43
blyA,8.41
yorR,8.4
yqgU,8.39
yuxH,8.38
glnL,8.35
spsF,8.35
ycbD,8.34
yhdT,8.33
ytrB,8.33
yfiQ,8.31
ntdC,8.3
yxdL,8.29
proH,8.29
queG,8.29
yrrC,8.29
yqjA,8.28
yazA,8.26
yrvC,8.26
yvmC,8.26
yjkB,8.25
ykoJ,8.25
yrhE,8.22
sigD,8.21
ywdA,8.21
yqhG,8.21
ykfC,8.2
yhjR,8.2
yqaN,8.18
rhaM,8.18
lmrA,8.17
yfjB,8.17
yobE,8.16
dacF,8.16
nasC,8.14
ytjA,8.14
yosD,8.14
ydeF,8.13
yozM,8.13
ytfI,8.11
yqbF,8.11
ybfI,8.1
flgB,8.1
cotF,8.1
ytcB,8.08
yfiJ,8.07
yvdM,8.04
yocL,8.01
pucI,8
yjiB,7.97
yusW,7.95
yobS,7.94
ykuH,7.93
sigG,7.92
yvzJ,7.91
lytG,7.91
yisJ,7.9
ybfK,7.89
yozL,7.89
yorI,7.88
ysfB,7.88
gabT,7.87
yomV,7.87
ydiP,7.85
Bsubs1_010100011936,7.85
yorM,7.85
yeeA,7.84
rsfA,7.84
nasB,7.83
tcyN,7.82
cwlD,7.82
yocB,7.82
cotJC,7.81
yotC,7.8
mccA,7.79
txpA,7.78
yhcK,7.78
yodQ,7.76
ppsD,7.75
scoB,7.74
yopA,7.74
ykoT,7.72
yolC,7.69
hxlR,7.68
yopY,7.68
ydcP,7.67
yfnE,7.67
yxiM,7.65
yoaS,7.64
ganR,7.64
liaR,7.63
yngF,7.63
abn2,7.63
ymzC,7.62
bbmA,7.62
yvjA,7.62
ykvA,7.62
yvdA,7.62
ylmH,7.59
yngL,7.57
yoaP,7.57
yqzH,7.55
yusZ,7.55
ywfB,7.52
qdoI,7.52
yorT,7.52
ysxE,7.5
gutB,7.48
yosQ,7.47
ydfH,7.46
pksB,7.46
ruvB,7.46
xtmB,7.45
desK,7.44
ntdB,7.44
yomH,7.43
yxkH,7.42
ydaB,7.42
ylxH,7.41
yqhH,7.41
allB,7.41
cdaS,7.4
uxaB,7.39
yhcM,7.39
csbB,7.38
yacP,7.38
BSU25210,7.38
Bsubs1_010100014626,7.38
spsB,7.37
abfA,7.36
dctR,7.36
yaaI,7.34
yozF,7.31
yoqG,7.29
yhjH,7.29
bofC,7.27
rapH,7.26
menC,7.24
xkdA,7.24
yqfC,7.23
ykzC,7.23
uxuB,7.22
capB,7.2
pucG,7.2
yomN,7.2
pksI,7.2
comQ,7.19
glnT,7.19
yyzB,7.16
epsD,7.16
ecsC,7.15
yprB,7.14
spoIIP,7.13
pabC,7.13
ydeB,7.12
sbcD,7.12
spsK,7.12
ywqE,7.12
tepA,7.11
pksN,7.11
yugS,7.11
yrbG,7.09
tuaG,7.08
yyaL,7.07
egsA,7.07
ytbE,7.06
rapD,7.05
mntC,7.05
ggaA,7.04
ykoX,7.04
ylqH,7.04
ygxB,7.04
yjcD,7.04
yomM,7.02
yteT,7.02
gltR,7.01
dnaC,7.01
yogA,7.01
yxaU,7.01
yrhK,7
yfiZ,6.99
yotM,6.99
yozG,6.99
comGE,6.98
aldX,6.98
yyaH,6.98
yoqJ,6.98
yneB,6.97
yrkP,6.97
ppsB,6.97
ytaP,6.97
yqjD,6.97
ykzH,6.96
fni,6.96
xlyA,6.95
ykoI,6.93
yvbW,6.93
yqcA,6.91
recQ,6.91
yfkR,6.91
cypA,6.91
yqjT,6.91
fhuG,6.89
xkdC,6.89
ywqA,6.88
yopP,6.87
ywbI,6.87
ytpA,6.87
yesZ,6.87
ydiM,6.86
azlC,6.86
BSU29230,6.85
nicK,6.84
yosT,6.83
xkdD,6.83
safA,6.82
yflJ,6.82
spmA,6.81
rocR,6.81
ywlB,6.77
ycdB,6.75
cydB,6.75
cdsA,6.75
ymfJ,6.75
lipO,6.75
ydfJ,6.74
ywbE,6.74
ysgA,6.73
yomI,6.73
recO,6.73
yisP,6.73
yqzG,6.71
rapE,6.7
gerKA,6.7
nasF,6.7
yraM,6.7
ydfM,6.69
flhB,6.69
ypjB,6.68
yoqC,6.67
flhF,6.66
rbsR,6.65
yezB,6.64
yesR,6.64
ysoA,6.63
ywoB,6.63
yddD,6.63
BSU21640,6.62
acuC,6.62
ylbM,6.61
mrpF,6.6
yxdJ,6.58
bceR,6.58
yetK,6.58
ybfP,6.58
yopW,6.57
yonF,6.56
tuaH,6.56
moeB,6.56
yheC,6.55
yxeA,6.55
yyaC,6.55
yosX,6.54
gerAC,6.54
coiA,6.54
yoqF,6.53
ybfB,6.53
nucB,6.52
yerD,6.51
tyrT,6.5
trpF,6.5
ygzD,6.5
hutM,6.5
xtmA,6.5
yrrD,6.49
ywaE,6.49
xhlA,6.49
yjmD,6.48
ywiE,6.48
fliP,6.46
yqbJ,6.46
hup2,6.45
ywrB,6.45
ytpB,6.45
gmuE,6.45
cypX,6.43
sspD,6.43
yceJ,6.42
yvcR,6.42
menD,6.42
xkdT,6.42
yqhB,6.41
ypeB,6.39
lytS,6.37
yesV,6.37
ydjA,6.37
ywaD,6.36
yycO,6.36
yqjP,6.36
ytrD,6.35
coxA,6.34
ytdP,6.32
yfiF,6.32
yulB,6.31
yqgT,6.3
pksM,6.29
ctaB2,6.29
ctaG,6.29
ynfC,6.28
yutC,6.27
araB,6.26
sigI,6.25
yonK,6.25
ycgJ,6.24
asnO,6.23
spoIIIAG,6.23
yraF,6.22
comGG,6.22
guaD,6.21
cotZ,6.2
yvkB,6.2
xylB,6.19
bhlB,6.18
yktD,6.17
yfhO,6.16
yddR,6.13
sspN,6.12
pdaA,6.12
yycA,6.12
hemD,6.11
yodP,6.11
bceS,6.1
yrpG,6.09
glxK,6.08
yabG,6.07
rocC,6.07
yhaZ,6.06
yjfC,6.06
lcfB,6.06
pksJ,6.06
ywrD,6.04
yrrT,6.03
ypzA,6.03
yfnD,6.03
ybaD,6.02
ynaJ,6.01
yfiG,6.01
yisV,6
splB,5.99
yonD,5.98
sspJ,5.98
yodM,5.98
sirA,5.97
yndL,5.97
bceB,5.97
yttP,5.97
yitB,5.96
gntR,5.96
ykfA,5.95
yomF,5.95
ybdG,5.95
yfiI,5.94
ynaE,5.93
gerT,5.93
yngH,5.92
yesS,5.92
adeR,5.91
ydeC,5.91
cydD,5.9
yqbK,5.89
glnP,5.89
mtbP,5.88
glgD,5.87
ysdA,5.87
yoqS,5.87
yezD,5.87
yorX,5.87
yngA,5.86
yjaV,5.84
yjqC,5.84
rhaA,5.84
cimH,5.83
yhaN,5.83
yhjN,5.82
yrdK,5.81
yobF,5.81
yonE,5.81
ctpB,5.81
yybK,5.8
yorV,5.8
yxiP,5.8
pucA,5.79
Bsubs1_010100012801,5.79
yunE,5.78
yjqB,5.77
ywpG,5.77
yqcD,5.75
citR,5.74
ytxO,5.74
sacC,5.74
ydfR,5.73
yclF,5.72
lipC,5.72
xkdW,5.72
ykoQ,5.71
ytzC,5.7
gpr,5.69
yisY,5.68
yusT,5.67
ywmA,5.66
ydiK,5.65
cwlA,5.65
ydaK,5.65
cwlK,5.64
yoqM,5.64
ybaC,5.64
uxuA,5.6
yviE,5.6
pucL,5.59
yqaC,5.58
ganA,5.57
ycgK,5.56
yvbX,5.56
scpA,5.55
yosK,5.54
ywnF,5.54
yuxG,5.51
yisQ,5.51
ywcC,5.5
ydfL,5.5
spoVD,5.5
nusA,554
yubF,551
pyrH,551
ywnC,548
argJ,548
srfA1,546
swrC,545
aspS,544
hit,541
ycnE,539
apt,537
azoR1,528
rok,527
defB,527
BSU22600,523
ackA,522
yqzD,518
atpE,516
ylbA,512
ydbP,511
yvrP,508
degU,505
yjhA,502
ygaF,501
pstS,500
atpH,500
asnS,499
ileS,496
ahpF,495
zwf,495
srfAC,493
drm,489
rsfS,487
ilvK,485
menB,481
argF,479
nadA,476
cccA,476
ilvD,472
recA,472
cmk,471
ytpR,471
pgdS,470
cshA,469
ytxG,468
atpG,467
yhfQ,464
fabF,461
pdxT,460
azoR2,459
yvgT,5.5
ytcA,5.5
yhcT,5.49
yckE,5.48
yopO,5.48
yfmO,5.48
yomX,5.48
menE,5.47
yqjV,5.47
ylaB,5.46
lrpB,5.45
yxkF,5.45
manR,5.45
ytxM,5.44
yonJ,5.44
yoxB,5.43
ykuC,5.43
citA,5.42
yvdJ,5.41
yybE,5.41
yorL,5.41
yxeQ,5.41
xsa,5.4
mhqN,5.4
yybL,5.4
ycdG,5.4
sqhC,5.4
ykvZ,5.39
spsG,5.38
bltD,5.38
yrkH,5.38
yitT,5.38
ywrK,5.37
yqaJ,5.36
mobB,5.36
yqbO,5.36
ylqG,5.35
yvfT,5.34
yrhH,5.34
yeaA,5.31
ybcC,5.3
yjzC,5.29
tilS,5.29
dctB,5.29
yvbU,5.29
ywdH,5.28
yvgJ,5.28
yxiH,5.28
ykgA,5.28
ykoN,5.27
ykvI,5.27
cotI,5.27
ymzB,5.27
hutH,5.27
pucC,5.26
sigM,5.25
yqgC,5.25
yfiM,5.24
pbpG,5.24
yhjP,5.23
ykoY,5.23
gerPC,5.22
yrdO,5.22
slp,5.22
yddH,5.22
fruR,5.22
xlyB,5.22
bmrR,5.21
ynzI,5.21
yclI,5.21
yjaU,5.21
tcyM,5.2
ydcH,5.18
yuiC,5.18
bcrC,5.18
yhfM,5.17
ytpI,5.17
ymfI,5.17
glgC,5.15
yjbH,5.15
yeeD,5.14
yveK,5.14
ytlR,5.14
yydH,5.13
yonX,5.13
mreBH,5.13
yjlA,5.11
natB,5.11
hemA,5.1
ynzB,5.1
recS,5.1
yxcD,5.09
spoVAD,5.09
ykuD,5.08
ytlI,5.07
yydK,5.06
yodL,5.06
yjbO,5.05
yqdA,5.05
yesN,5.04
ylxY,5.04
yugO,5.04
yxiJ,5.03
yosC,5.03
yrzE,5.03
gerKC,5.03
dinB2,5.02
yorF,5.01
sinI,5.01
bmrU,5.01
yxjN,5.01
yvdQ,5.01
ygzA,5.01
yndF,5
ybfA,4.99
yyaJ,4.99
ycxD,4.97
epsJ,4.97
tagO,4.97
lcfA,4.97
BSU33160,4.96
ydaJ,4.96
yozH,4.95
yngB,4.95
yqeF,4.94
tuaA,4.94
ypbG,4.93
yybP,4.93
yrvN,4.92
ytcQ,4.91
liaS,4.91
yrkB,4.91
yobU,4.9
spsD,4.9
yqgL,4.89
yfkD,4.89
sfp,4.89
cotH,4.88
glgB,4.87
senS,4.87
csgA,4.87
ykvP,4.86
yqbT,4.86
ybbC,4.85
uxaC,4.85
yvnB,4.84
ycbL,4.83
yjzB,4.82
sdpR,4.82
ywcA,4.82
ywmC,4.82
yoaZ,4.81
yxjF,4.81
pucK,4.8
lon2,4.78
BSU02080,4.78
comEC,4.78
narI,4.78
gutR,4.77
yjiA,4.77
yvaM,4.76
yddS,4.76
yorJ,4.76
yqaH,4.75
ysfE,4.74
lmrB,4.73
glgA,4.73
dctS,4.73
ywcH,4.72
blt,4.71
lplD,4.7
gudD,4.68
ywnJ,4.68
fadG,4.68
ydjJ,4.68
yvlC,4.68
btr,4.68
tuaB,4.67
ywqM,4.66
mmgC,4.66
ywtG,4.66
ycgB,4.66
yvfS,4.65
ykuS,4.65
xkdH,4.65
ydfE,4.64
sigY,4.64
ydfA,4.62
ydaM,4.61
rfbB,4.61
cotX,4.61
dpaA,4.61
yitY,4.6
yqjS,4.59
albF,4.59
yopZ,4.58
gerAA,4.58
yoeD,4.57
Bsubs1_010100014436,4.55
yknU,4.54
yorK,4.54
trpA,4.52
yocN,4.51
yefB,4.51
csbX,4.5
yhbI,4.49
ykkB,4.48
yonC,4.48
araL,4.48
ykvU,4.47
yczC,4.47
ytnM,4.47
yitR,4.47
yhcJ,4.46
yetN,4.46
Bsubs1_010100012836,4.46
amyX,4.45
ligB,4.45
spoIIIAB,4.44
sigO,4.44
yyzM,4.44
epsL,4.44
mhqE,4.44
yqfX,4.43
gdh,4.43
yotE,4.42
yfhS,4.42
yphB,4.42
yjdH,4.41
yomO,4.41
scoA,4.41
yorA,4.41
kinA,4.39
spoIIGA,4.39
arfM,4.38
proJ,4.38
ywpD,4.37
yraG,4.37
yqbA,4.37
yufQ,4.35
yraN,4.35
BSU23190,4.35
fmnP,4.35
ywbG,4.34
yqaL,4.33
ccdA,4.32
yhfW,4.32
yocM,4.32
xkdJ,4.32
araD,4.31
ylbD,4.3
yvpB,4.3
yosJ,4.3
mutY,4.3
xhlB,4.3
ydaN,4.29
pksH,4.29
khtT,4.29
yrkO,4.29
yvcS,4.28
mrpD,4.27
yvaC,4.25
yqhO,4.23
racA,4.21
ytmA,4.21
yndJ,4.2
yfhF,4.2
rsiV,4.2
rocB,4.19
ywrJ,4.18
ywqB,4.18
yppC,4.17
ywqN,4.17
ypiP,4.17
spsE,4.17
msmR,4.17
ribR,4.17
sspH,4.16
ykoW,4.15
yqbD,4.15
ytxN,4.15
ylqD,4.14
ygaK,4.14
yclH,4.14
ywcD,4.13
yfkQ,4.13
yomZ,4.13
yqbE,4.12
spoVB,4.12
uxaA,4.11
yesQ,4.11
yqjB,4.11
eag,4.11
kapD,4.11
yfhP,4.1
yrpC,4.08
yfhA,4.08
yuzG,4.07
norM,4.07
ykvQ,4.06
fhuB,4.06
yjlB,4.05
ykuO,4.04
Bsubs1_010100004028,4.04
ligd,4.04
epsC,4.04
yeeC,4.03
ku,4.03
xkdQ,4.02
sodF,4.02
yomE,4.02
ytxE,4
yugF,3.99
ynaF,3.99
mgsR,3.99
yxeG,3.98
yotL,3.98
yybS,3.97
tmrB,3.95
spo0E,3.95
xkdI,3.95
comGB,3.94
yesX,3.94
yraO,3.93
xkdU,3.92
gerBA,3.92
yabP,3.92
yybH,3.91
adhR,3.91
yomG,3.91
cidA,3.91
yjmC,3.89
ywiC,3.89
yuiB,3.88
ycbT,3.87
mtlR,3.87
mhqO,3.87
ydcF,3.87
yoqX,3.87
moxC,3.86
xkdX,3.86
yotK,3.86
yvaE,3.86
yckD,3.86
yqbH,3.86
yteR,3.84
gerAB,3.84
xynB,3.83
yjbB,3.83
yndA,3.83
pbpI,3.82
yomR,3.82
yxdK,3.82
yxjM,3.82
gluP,3.82
ylxX,3.82
ymaC,3.81
yesY,3.81
lytH,3.81
ecfT,3.79
yesP,3.79
yhfN,3.79
ssuC,3.78
mmgB,3.77
yhxC,3.77
yddN,3.76
csk22,3.76
yndE,3.76
yxjO,3.75
spsC,3.75
yutH,3.75
yuzN,3.74
rodA,3.74
yvcD,3.74
Bsubs1_010100011076,3.74
yorG,3.73
ywmD,3.73
treR,3.72
tcyJ,3.72
ycnC,3.71
ybdJ,3.71
ykzB,3.7
yvbV,3.69
yunB,3.68
yhjO,3.67
yrhL,3.66
ylaK,3.65
mdxK,3.64
yybI,3.64
gltP,3.63
sigK,3.62
ybgJ,3.61
yvkC,3.61
yfnH,3.6
ycgR,3.6
pucB,3.6
ydfB,3.59
epsO,3.58
yoqR,3.58
cgeC,3.58
ydaL,3.58
yfkT,3.57
yugT,3.57
tuaE,3.56
yqkD,3.55
yusE,3.55
yobA,3.54
yomS,3.54
bsdB,3.52
ybdM,3.51
yqjL,3.5
ycgF,3.49
yyaB,3.49
ansZ,3.47
ybbH,3.47
yaaC,3.47
yjcO,3.46
ndhF,3.46
yqbR,3.45
yhdH,3.45
uvsE,3.45
yfkC,3.45
yosG,3.44
yrhG,3.44
yrkQ,3.43
ybfM,3.42
BSU25010,3.42
yaaH,3.42
tlp,3.42
iscS2,3.42
yybF,3.42
albD,3.42
yusG,3.41
yjdJ,3.41
ykoS,3.41
adhA,3.41
yteS,3.4
sboA,3.4
yycS,3.4
yneA,3.39
yqaB,3.39
capA,3.39
ykcB,3.39
spoIVFA,3.38
yobQ,3.38
ybaK,3.38
corA,3.37
yqbS,3.37
glcU,3.37
ycbC,3.36
yjgB,3.35
ytlC,3.35
yteA,3.35
ybcM,3.35
yomL,3.34
yngK,3.34
ydeK,3.32
ydeL,3.31
ansR,3.31
comGF,3.3
paiB,3.3
sigZ,3.3
nprB,3.3
ypqA,3.29
fadM,3.29
Bsubs1_010100003298,3.28
spoIIIAF,3.28
yfiH,3.27
garD,3.27
yqxG,3.27
ydcT,3.26
rsbP,3.26
xkdE,3.25
yeaB,3.25
Bsubs1_010100006576,3.24
ytxD,3.24
ywrA,3.22
ydhJ,3.22
yfiL,3.22
bdbB,3.22
yqcE,3.21
yorW,3.21
pelB,3.21
levF,3.2
spoIID,3.19
yopB,3.19
ytzH,3.18
yqfD,3.18
rhgT,3.18
ytmI,3.17
yhdC,3.17
yxxF,3.17
Bsubs1_010100010771,3.16
spoIVFB,3.15
ykvR,3.15
yxkA,3.15
yddI,3.15
yjpA,3.15
yfnG,3.15
yqbQ,3.14
fabL,457
pyrR,457
qcrA,454
yciC,453
gatB,450
ykaA,448
ldh,444
leuD,439
ylxR,436
wapI,434
rocF,434
yxeB,430
yhfH,430
yerC,428
ytxJ,426
BSU28260,425
wapA,425
spo0F,424
pyrAB,423
hisI,422
hisC,421
yvlB,420
yvbJ,419
secDF,419
gatA,417
pbpC,415
yodF,415
yknX,412
thrS,412
yuaB,410
dhbB,410
ilvB,409
mtrB,404
yceH,403
ytpP,401
punB,400
purQ,397
ychF,392
gltX,392
yozC,390
yjcN,390
pheT,386
gatC,384
iolS,384
ywoF,383
ytmB,380
fur,379
hpr,379
leuS,379
lutB,378
spoVK,3.14
yqaK,3.13
xtrA,3.13
yisR,3.13
yrhP,3.12
glcP,3.1
swrAA,3.1
ydzN,3.1
yheD,3.09
yhdY,3.08
ywfA,3.07
dacC,3.06
ypmP,3.05
cgeB,3.04
yrkK,3.04
yxzG,3.03
ypdP,3.03
yqiI,3.03
yabS,3.02
yhaR,3.01
yonR,3
yqfZ,3
dltB,2.99
yaaO,2.99
yonP,2.97
ytmO,2.97
ytnL,2.96
hutG,2.96
yobN,2.96
ganB,2.94
mhqP,2.93
lplC,2.93
nrgA,2.93
yvzC,2.92
comB,2.91
yddT,2.91
ydfD,2.9
cysP,2.89
ytdA,2.89
yxaT,2.89
albB,2.89
yoqO,2.87
yhjD,2.87
spoIISA,2.87
ylaA,2.85
yrkC,2.84
immA,2.84
sspK,2.83
yodT,2.83
azlD,2.83
yvsG,2.81
yesW,2.81
ykkC,2.8
ydfQ,2.79
ywrE,2.79
Bsubs1_010100010481,2.77
cgeD,2.77
kdgR,2.77
lutR,2.77
yqeC,2.76
ykkD,2.76
ycgS,2.76
aldY,2.76
ywsA,2.75
ylbB,2.75
yfjL,2.75
yodN,2.75
yybO,2.74
pbuE,2.74
iolT,2.73
nrdIB,2.73
yosL,2.7
yotN,2.7
mutT,2.69
yyaD,2.69
ywkF,2.69
tcyK,2.69
yclN,2.69
yoqB,2.69
yodH,2.69
ytvI,2.68
Bsubs1_010100001853,2.68
cgeE,2.67
spsL,2.67
pucM,2.66
yomT,2.65
yjkA,2.65
yoaT,2.64
skfF,2.64
yncC,2.64
ywbA,2.64
ybfH,2.63
prpE,2.63
ylbJ,2.62
yeeG,2.62
yhcZ,2.62
ydbO,2.62
gabR,2.61
mdxF,2.6
yusQ,2.59
yceB,2.59
ysnE,2.59
yxdM,2.59
yitD,2.58
yabM,2.56
spoIIIAE,2.56
feuB,2.56
rhaB,2.56
ytzE,2.55
yoaM,2.55
yozN,2.55
ydeR,2.55
ybbJ,2.54
yefC,2.52
yycE,2.52
yfkL,2.52
ydeD,2.52
yesO,2.51
glpT,2.51
yraK,2.51
yrdN,2.5
ypjC,2.5
yjmB,2.5
Bsubs1_010100015636,2.48
ywmB,2.48
yvaD,2.47
cdoA,2.47
msmE,2.47
yfiN,2.46
yrzO,2.45
yxlE,2.44
yxjC,2.44
yopN,2.44
clsB,2.44
yveG,2.43
spoVAEB,2.42
natR,2.42
ytxC,2.42
yrdF,2.42
yitQ,2.41
yqbP,2.41
ywcJ,2.41
yjaZ,2.4
yoaU,2.39
ylaH,2.38
ywaF,2.38
yqaI,2.38
cotR,2.38
yotJ,2.38
albE,2.38
yqgM,2.37
glnK,2.35
ybaR,2.34
ysxD,2.34
ydeA,2.34
ydhH,2.34
sacB,2.33
ywhH,2.32
tagB,2.32
ywmF,2.29
yxnA,2.28
yetF,2.27
yqbN,2.27
yttB,2.27
ykzE,2.26
arsB,2.25
ywfM,2.25
yvkN,2.25
yvdP,2.25
yqcB,2.24
ylbK,2.22
yosW,2.22
yvoD,2.22
ktrB,2.21
yybD,2.21
flgM,2.19
yjzD,2.19
ytlD,2.19
yknV,2.19
cotA,2.19
catE,2.18
mifM,2.18
yonA,2.18
yqzF,2.16
mmr,2.15
yyaO,2.14
ywhK,2.14
yqaO,2.14
ypbQ,2.13
yhdI,2.12
ylaE,2.12
ytgP,2.11
yflP,2.11
ywbB,2.11
yabQ,2.11
yfiC,2.1
yqiH,2.09
cotP,2.09
yjbA,2.07
ygaJ,2.06
ytbD,2.05
yofA,2.05
ykoH,2.05
ytrC,2.05
ypbD,2.04
ydeG,2.04
yndG,2.02
liaG,2.02
psiE,2.02
yozD,2.01
ycdC,2
yolD,2
yobV,2
ssuA,2
yozQ,1.99
cydC,1.99
yopG,1.99
ganQ,1.99
yvdB,1.97
yxlG,1.95
chaA,1.95
yoqY,1.94
pdaB,1.93
prsW,1.93
BSU08210,1.92
nrnB,1.91
yotB,1.91
yvgM,1.91
aapA,1.9
spoIIIAD,1.9
ylyA,1.9
xkdP,1.9
trpD,1.9
ycxC,1.89
ypkP,1.88
ydaH,1.88
Bsubs1_010100003418,1.88
yebD,1.87
ywhL,1.86
yngG,1.86
yvfR,1.86
yesL,1.85
nagZ,1.85
yodA,1.84
yyxA,1.84
yorO,1.83
yfmB,1.83
yitG,1.82
yvbG,1.82
bsdA,1.81
yoqN,1.8
ydcO,1.8
yhcU,1.79
lplB,1.79
yoqI,1.79
yqeD,1.78
lytT,1.77
yfkF,1.77
adaB,1.76
gutA,1.74
yonB,1.74
ymcC,1.74
yoqA,1.73
yisN,1.73
tuaC,1.73
yyaM,1.72
yhaX,1.72
Bsubs1_010100020941,1.7
atpI,1.69
gudP,1.68
ssuD,1.67
ycgQ,1.67
Bsubs1_010100011361,1.66
Bsubs1_010100009491,1.65
amyC,1.64
yuxJ,1.64
yqzI,1.63
rghRB,1.62
ydbK,1.62
yqeW,1.61
yomU,1.6
yxeI,1.59
feuC,1.59
ybgB,1.59
yhdB,1.58
ykjA,1.58
yyzE,1.58
yphA,1.57
ydhD,1.57
ssuB,1.56
yoaV,1.55
ebrB,1.54
yrbD,1.53
citS,1.53
ykvO,1.53
yhfC,1.51
tgl,1.51
ylbE,1.51
yqaF,1.5
yclD,1.49
araQ,1.48
yopD,1.47
yczH,1.47
pucJ,1.46
yflN,1.46
yusN,1.44
yclG,1.44
brnQ,1.43
yxeD,1.42
oxdD,1.41
yorQ,1.4
yqjF,1.39
csbA,1.38
ybcL,1.37
cwlC,1.37
yqzN,1.36
ywoG,1.34
epsG,1.34
narK,1.34
ywoD,1.34
yycD,1.34
yczE,1.33
bcsA,1.33
ykoG,1.33
yheJ,1.31
yrkJ,1.3
yosB,1.3
yhcA,1.3
ganP,1.29
ylaC,1.29
mrpE,1.28
yfiU,1.28
spoVAB,1.28
yxiK,1.27
crcB1,1.26
mdxG,1.23
yfhI,1.22
ybaS,1.21
yosH,1.21
yvdR,1.21
ycgI,1.19
yoqZ,1.16
yhjE,1.16
yjfB,1.15
Bsubs1_010100003413,1.12
gerPE,1.11
yfjE,1.09
yrdR,1.08
ydfS,1.07
yclO,1.06
yozJ,1.06
ycbM,1.06
hxlB,1.05
Bsubs1_010100021916,1.05
yuzC,1.04
phy,1.04
ypzD,1.02
araE,1.02
yflA,1.01
yycB,1
comGD,1
yveA,0.963
ysxA,0.962
Bsubs1_010100005063,0.937
yczO,0.937
ypzH,0.937
fosB,0.929
Bsubs1_010100010416,0.923
yczK,0.91
yoaR,0.902
yjbE,0.901
xkdS,0.887
tetB,0.876
yvnA,0.869
ythB,0.869
amyD,0.851
yizA,0.837
splA,0.835
ycbK,0.825
yetJ,0.823
yomQ,0.822
kdgT,0.8
yesF,0.793
yxxE,0.788
ktrD,0.77
kbaA,0.766
yckA,0.766
yoaO,0.761
yopE,0.759
gerBB,0.755
rmlA,0.746
ykrP,0.74
BSU36720,0.734
ytwI,0.732
yubD,0.715
ywqO,0.695
steT,0.692
ynaI,0.691
yndM,0.69
yrrI,0.663
yoqH,0.638
ywbF,0.637
exuT,0.631
yteP,0.622
BSU33170,0.614
fliR,0.609
yqgO,0.598
ydcS,0.578
ynzG,0.576
ypnP,0.569
crcB2,0.548
sacX,0.544
yojA,0.539
yqjC,0.538
ydgB,0.538
yjzG,0.52
yrdB,0.504
yhaU,0.5
Bsubs1_010100000480,0.494
araP,0.492
spoVE,0.482
trpP,0.47
yxlH,0.468
Bsubs1_010100002273,0.468
ytcP,0.456
spoIIM,0.443
yosV,0.436
ythA,0.435
ywdD,0.432
capC,0.43
yvkA,0.423
cotT,0.419
nhaC,0.409
Bsubs1_010100021776,0.408
yobB,0.404
xkdR,0.4
Bsubs1_010100010371,0.395
tcyL,0.391
gerPA,0.378
ynzD,0.348
yugN,0.309
yrzT,0.302
mrpB,0.288
yorC,0.269
yptA,0.264
yjzE,0.262
yngHB,0.257
gerKB,0.256
glnM,0.254
Bsubs1_010100021896,0.243
ydcA,0.239
ykzM,0.209
Bsubs1_010100020526,0.182
gerPB,0.174
ydzJ,0.174
Bsubs1_010100003303,0.171
Bsubs1_010100021826,0.133
Bsubs1_010100006706,0.131
yrzP,0.119
cotJB,0.112
yizB,0.109
Bsubs1_010100020236,0.1
yqbG,0.093
fliL,378
dra,378
yndB,376
spo0M,376
yxxD,375
yjbG,373
lytA,373
acoA,372
lysS,372
yxaI,372
lrgB,372
yoxD,371
rsbW,370
yqjE,370
ylaL,369
spoVS,368
ywbC,368
proS,368
ilvA,367
yitW,367
mreB,367
cysI,365
comGC,364
yxjH,363
ytkL,363
lysC,363
secG,362
flgL,361
acoB,359
vpr,359
hmoA,357
ylaN,356
tcyA,356
yqhY,355
rny,354
trxB,352
pckA,352
pheS,352
yqcF,349
yurO,349
pfs,348
yuaG,347
yheM,345
fliD,344
yktA,344
rpoZ,342
yuaE,342
lytC,342
yjbL,341
mtnB,339
folE,338
yqiT,338
ysnA,337
yozO,337
typA,335
artM,334
mrgA,334
yneR,333
hisA,331
yqgA,331
yloU,330
efeM,330
ydjF,330
maeN,329
yxaL,329
yvdD,328
ysaA,327
metI,326
cccB,325
yflT,325
tagD,323
yusI,323
dnaN,323
yugJ,322
mcpA,321
yeeI,320
fabD,319
yqhX,319
pyrG,318
ohrA,317
yybJ,316
lutA,316
yvfG,315
glmS,315
yqkB,315
gmk,314
bioB,313
mscL,313
ssbB,313
ylbP,312
yvbK,311
accD,311
secA,310
ypqE,310
pyrF,309
rbsK,308
plsC,308
hisG,307
ezrA,307
gudB,306